url,count
www.nytimes.com,74
www.theguardian.com,67
www.artforum.com,67
www.youtube.com,55
soundcloud.com,49
www.newyorker.com,35
news.artnet.com,28
medium.com,23
www.artnews.com,23
newmodels.io,22
www.theatlantic.com,22
lareviewofbooks.org,20
newmodels.bigcartel.com,19
frieze.com,16
www.wired.com,14
thebaffler.com,13
tankmagazine.com,13
www.textezurkunst.de,13
www.wsj.com,12
032c.com,11
www.fastcompany.com,11
www.spikeartmagazine.com,10
www.bloomberg.com,10
www.nybooks.com,10
www.gq.com,10
www.theverge.com,10
nymag.com,10
www.interviewmagazine.com,10
www.vice.com,9
www.e-flux.com,9
www.lrb.co.uk,9
news.ycombinator.com,9
www.vox.com,9
www.versobooks.com,9
www.patreon.com,9
www.dezeen.com,9
theintercept.com,8
www.npr.org,8
www.technologyreview.com,8
www.bbc.com,8
www.ft.com,7
www.washingtonpost.com,7
reallifemag.com,7
www.theparisreview.org,7
nplusonemag.com,6
jacobinmag.com,6
pitchfork.com,6
www.ssense.com,6
www.thenation.com,6
www.thecut.com,6
logicmag.io,5
www.highsnobiety.com,5
strelkamag.com,5
archpaper.com,5
garage.vice.com,5
www.independent.co.uk,5
www.reddit.com,5
www.artinamericamagazine.com,5
techcrunch.com,5
www.rollingstone.com,5
www.buzzfeednews.com,5
dis.art,5
slate.com,4
www.documentjournal.com,4
www.lawfareblog.com,4
hypebeast.com,4
kaleidoscope.media,4
thenewinquiry.com,4
www.dazeddigital.com,4
www.latimes.com,4
www.crfashionbook.com,4
newrepublic.com,4
www.dissentmagazine.org,4
rhizome.org,4
www.vanityfair.com,4
www.thedailybeast.com,4
consequenceofsound.net,4
www.wired.co.uk,4
www.vogue.com,3
vimeo.com,3
www.jacobinmag.com,3
subpixel.space,3
brooklynrail.org,3
arstechnica.com,3
www.vulture.com,3
www.affidavit.art,3
variety.com,3
jods.mitpress.mit.edu,3
gizmodo.com,3
bombmagazine.org,3
thepointmag.com,3
failedarchitecture.com,3
edition.cnn.com,3
technosphere-magazine.hkw.de,3
www.politico.com,3
motherboard.vice.com,3
harpers.org,3
www.economist.com,3
communemag.com,3
art19.com,3
www.axios.com,2
www.dailymail.co.uk,2
newleftreview.org,2
nemesis.global,2
www.newstatesman.com,2
www.nakedcapitalism.com,2
samkriss.com,2
www.nts.live,2
crimethinc.com,2
www.motherjones.com,2
www.forbes.com,2
www.chronicle.com,2
www.ribbonfarm.com,2
aeiowu.com,2
nypost.com,2
digiday.com,2
press.princeton.edu,2
foreignpolicy.com,2
i-d.vice.com,2
www.bookforum.com,2
www.newscientist.com,2
aeon.co,2
www.stereogum.com,2
blacksocialists.us,2
www.mirror.co.uk,2
www.art-agenda.com,2
lithub.com,2
www.faz.net,2
thecreativeindependent.com,2
www.currentaffairs.org,2
onezero.medium.com,2
www.viewpointmag.com,2
datasociety.net,2
www.citylab.com,2
www.stitcher.com,2
ninapower.net,2
melmagazine.com,2
www.factmag.com,2
www.reuters.com,2
thequietus.com,2
www.artbasel.com,2
www.thesun.co.uk,2
mitpress.mit.edu,2
walkerart.org,2
www.greyroom.org,2
www.indiebound.org,2
svetlanagallery.com,2
kunsthalle-bern.ch,2
netzkunst.berlin,2
jerrmagoo.blogspot.com,2
www.schinkelpavillon.de,2
www.buzzfeed.com,2
spikeartmagazine.com,2
thecomposingrooms.com,2
x-traonline.org,2
news.vice.com,2
wwd.com,2
www.filmcomment.com,2
www.periodico.cc,2
www.mckinsey.com,1
www.moma.org,1
www.straitstimes.com,1
moussemagazine.it,1
agcook.com,1
nltimes.nl,1
www.metropictures.com,1
podtail.com,1
cargocollective.com,1
paulskallas.substack.com,1
www.grubstreet.com,1
ravenewworld.substack.com,1
www.baltimoremagazine.com,1
doubleblindmag.com,1
greenwald.substack.com,1
www.punctr.art,1
www.thelancet.com,1
pullrequest.substack.com,1
pinupmagazine.org,1
www.tabletmag.com,1
www.thisisours.us,1
djmag.com,1
www.pnas.org,1
networkcultures.org,1
en.wikipedia.org,1
www.urbanomic.com,1
wolfstreet.com,1
www.noemamag.com,1
officialstatement.me,1
www.uniqlo.com,1
www.vogue.co.uk,1
newdesigncongress.org,1
michellelhooq.substack.com,1
en.m.wikipedia.org,1
mcmansionhell.com,1
mcusercontent.com,1
everestpipkin.github.io,1
blogs.law.columbia.edu,1
www.democracynow.org,1
pastebin.com,1
carolinebusta.github.io,1
quarantinology.com,1
www.cbc.ca,1
www.runwithmaud.com,1
m.youtube.com,1
www.thetablet.co.uk,1
www.twitch.tv,1
www.brookings.edu,1
24timezones.com,1
www.talenthouse.com,1
www.texasmonthly.com,1
galerieneu.net,1
thephilosophicalsalon.com,1
www.google.com,1
artasiapacific.com,1
www.marketwatch.com,1
www.are.na,1
www.rt.com,1
mcrumps.com,1
www.architecturalrecord.com,1
www.billboard.com,1
www.coronatracker.com,1
www.artwritingdaily.com,1
michaelstipe.com,1
hawzhin.press,1
en-roads.climateinteractive.org,1
www.nowness.com,1
www.x-traonline.org,1
www.africanstand.com,1
thecorrespondent.com,1
www.pastemagazine.com,1
dealbreaker.com,1
bengrosser.com,1
gist.github.com,1
podcasts.google.com,1
mailchi.mp,1
player.vimeo.com,1
uk.reuters.com,1
www.newframe.com,1
tripleampersand.org,1
www.politico.eu,1
markets.businessinsider.com,1
www.smithsonianmag.com,1
play.wilson.fm,1
www.csmonitor.com,1
www.strongtowns.org,1
www.workers.org,1
bigthink.com,1
aaronzlewis.com,1
story.californiasunday.com,1
www.c-span.org,1
runyourown.social,1
livestream.com,1
members.tortoisemedia.com,1
believermag.com,1
comicbook.com,1
xn--wgiaa.ws,1
gen.medium.com,1
scroll.in,1
www.bldgblog.com,1
www.telegraph.co.uk,1
contemporaryartreview.la,1
www.thisismoney.co.uk,1
www.facebook.com,1
vestoj.com,1
madamasr.com,1
gulfnews.com,1
www.ts.today,1
blog.foam.space,1
www.gndforeurope.com,1
beam.land,1
int.nyt.com,1
entitleblog.org,1
theconversation.com,1
a16z.com,1
www.societyofcontrol.com,1
softskull.com,1
organic.software,1
www.sciencedirect.com,1
www.culturedmag.com,1
www.papermag.com,1
m.dw.com,1
www.teenvogue.com,1
flash---art.com,1
www.redpepper.org.uk,1
newsroom.fb.com,1
petapixel.com,1
selvajournal.org,1
www.themoscowtimes.com,1
www.residentadvisor.net,1
www.yalelawjournal.org,1
www.weforum.org,1
www.naturalclimate.solutions,1
junkee.com,1
theoutline.com,1
grist.org,1
kotaku.com,1
www.practiceofchange.org,1
conversations.e-flux.com,1
www.si.com,1
www.businessinsider.de,1
scholars-stage.blogspot.com,1
d2u3kfwd92fzu7.cloudfront.net,1
archinect.com,1
ny.curbed.com,1
docslide.us,1
www.cjr.org,1
www.publicbooks.org,1
jembendell.wordpress.com,1
www.recode.net,1
www.scientificamerican.com,1
blogs.nasa.gov,1
www.quantamagazine.org,1
www.theartnewspaper.com,1
slatestarcodex.com,1
megaphone.link,1
themuse.jezebel.com,1
www.diaart.org,1
www.bruno-latour.fr,1
fair.org,1
art21.org,1
merryjane.com,1
www.theawl.com,1
www.propublica.org,1
www.techspot.com,1
www.beckershospitalreview.com,1
play.acast.com,1
www.listennotes.com,1
www.ctm-festival.de,1
www.businessoffashion.com,1
afropunk.com,1
sitn.hms.harvard.edu,1
www.theringer.com,1
www.eurozine.com,1
locusmag.com,1
opaque.link,1
ow.ly,1
artists.spotify.com,1
www.niemanlab.org,1
granta.com,1
char.gd,1
brand-new-life.org,1
eyeondesign.aiga.org,1
blog.0day.rocks,1
fontreviewjournal.com,1
www.elle.com,1
shiba.computer,1
www.activism.net,1
www.bonnefanten.nl,1
www.whatsonweibo.com,1
www.galeriebuchholz.de,1
politybooks.com,1
global.oup.com,1
www.artpapers.org,1
www.thefader.com,1
everynoise.com,1
us.macmillan.com,1
www.drudgereport.com,1
www.foxnews.com,1
observer.com,1
www.create.ac.uk,1
www.eff.org,1
berlinbiennale.de,1
www.essexstreet.biz,1
www.liste.ch,1
media.consensys.net,1
www.curbed.com,1
crackmagazine.net,1
www.forfreedoms.org,1
hiphopdx.com,1
derstandard.at,1
www.whitney.org,1
nyti.ms,1
dismagazine.com,1
jerrmagoo.blogspot.de,1
www.attp.tuwien.ac.at,1
www.pscp.tv,1
www.archdaily.com,1
democrats-intelligence.house.gov,1
purple.fr,1
www.phillips.com,1
www.sothebys.com,1
projekte.sueddeutsche.de,1
ocula.com,1
jezebel.com,1
bossasaservice.life,1
tokeneconomy.co,1
rsbl.royalsocietypublishing.org,1
allhiphop.com,1
www.aqnb.com,1
openspace.sfmoma.org,1
www.kunstkritikk.no,1
blog.goodaudience.com,1
engineering.columbia.edu,1
www.davidzwirner.com,1
hn.premii.com,1
www.laika.bar,1
www.screendaily.com,1
www.wral.com,1
www.ccn.com,1
limn.it,1
theorytuesdays.com,1
www.tandfonline.com,1
cultureandcommunication.org,1
theposthuman.world,1
trust.video,1
apnews.com,1
www.artspace.com,1
joshuacitarella.com,1
blog.lareviewofbooks.org,1
www.showbiz411.com,1
www.berliner-zeitung.de,1
www.spreaker.com,1
www.artsy.net,1
www.opendemocracy.net,1
www.electronicbeats.net,1
www.ic.unicamp.br,1
ratedrnb.com,1
noranahidkhan.com,1
www.4columns.org,1
www.liberation.fr,1
podcastreview.org,1
heathenharvest.org,1
4columns.org,1
www.cnn.com,1
spex.de,1
gothamist.com,1
overland.org.au,1
www.aprja.net,1
www.inverse.com,1
hyperallergic.com,1
elementus.io,1
www.project-syndicate.org,1
www.scribd.com,1
riskcenter.wharton.upenn.edu,1
www.mikepepi.com,1
www.cbsnews.com,1
nca2018.globalchange.gov,1
articles.latimes.com,1
www.jstor.org,1
open_nsfw.gitlab.io,1
www.flashartonline.com,1
www.wbur.org,1
wikimediafoundation.org,1
www.cnbc.com,1
shop.thecommunity.io,1
civilization.bigcartel.com,1
eatnonfood.com,1
www.maketechnoblackagain.com,1
ica-bookstore.myshopify.com,1
indiebound.addlibra.com,1
novembremagazine.com,1
ignota.org,1
space-31.com,1
athensbiennale.org,1
www.coquo.co,1
www.edeka.de,1
www.eroica.io,1
www.jan-kaps.com,1
k-t-z.com,1
kunsthallezurich.ch,1
kunstvereinbraunschweig.de,1
left.gallery,1
www.lilinter.net,1
www.maps.org,1
radio.montezpress.com,1
non.com.co,1
delinear.p-a-n.org,1
www.pathh.co,1
www.peak-art.org,1
relevant.community,1
www.reenaspaulings.com,1
www.stolbun.institute,1
thedowner.de,1
www.traumabarundkino.de,1
trust.support,1
