url,count
newmodels.io,22
www.mckinsey.com,1
www.ft.com,7
www.axios.com,2
nplusonemag.com,6
www.moma.org,1
www.wsj.com,12
www.nytimes.com,74
www.straitstimes.com,1
moussemagazine.it,1
agcook.com,1
nltimes.nl,1
jacobinmag.com,6
www.spikeartmagazine.com,10
www.metropictures.com,1
www.newyorker.com,35
podtail.com,1
cargocollective.com,1
www.theatlantic.com,22
pitchfork.com,6
soundcloud.com,49
paulskallas.substack.com,1
www.dailymail.co.uk,2
www.vice.com,9
slate.com,4
static1.squarespace.com,1
www.e-flux.com,9
www.grubstreet.com,1
www.documentjournal.com,4
ravenewworld.substack.com,1
www.youtube.com,55
www.lawfareblog.com,4
www.bloomberg.com,10
newleftreview.org,2
www.lrb.co.uk,9
twitter.com,404
www.baltimoremagazine.com,1
logicmag.io,5
www.highsnobiety.com,5
news.ycombinator.com,9
www.vox.com,9
thebaffler.com,13
doubleblindmag.com,1
nemesis.global,2
greenwald.substack.com,1
www.punctr.art,1
www.thelancet.com,1
hypebeast.com,4
medium.com,23
pullrequest.substack.com,1
www.newstatesman.com,2
pinupmagazine.org,1
www.vogue.com,3
vimeo.com,3
www.instagram.com,203
www.tabletmag.com,1
theintercept.com,8
news.artnet.com,28
www.thisisours.us,1
www.ssense.com,6
www.theguardian.com,67
www.nybooks.com,10
lareviewofbooks.org,20
djmag.com,1
www.pnas.org,1
networkcultures.org,1
en.wikipedia.org,1
www.urbanomic.com,1
www.nakedcapitalism.com,2
www.thenation.com,6
wolfstreet.com,1
www.noemamag.com,1
officialstatement.me,1
www.uniqlo.com,1
www.washingtonpost.com,7
kaleidoscope.media,4
www.jacobinmag.com,3
www.vogue.co.uk,1
newdesigncongress.org,1
youtu.be,15
subpixel.space,3
michellelhooq.substack.com,1
thenewinquiry.com,4
samkriss.com,2
docs.google.com,4
en.m.wikipedia.org,1
brooklynrail.org,3
mcmansionhell.com,1
www.nts.live,2
mcusercontent.com,1
everestpipkin.github.io,1
blogs.law.columbia.edu,1
www.versobooks.com,9
strelkamag.com,5
032c.com,11
www.democracynow.org,1
pastebin.com,1
crimethinc.com,2
carolinebusta.github.io,1
www.gq.com,10
www.motherjones.com,2
quarantinology.com,1
www.artforum.com,67
www.cbc.ca,1
reallifemag.com,7
www.runwithmaud.com,1
www.dazeddigital.com,4
www.latimes.com,4
m.youtube.com,1
www.forbes.com,2
www.thetablet.co.uk,1
www.artnews.com,23
arstechnica.com,3
www.twitch.tv,1
www.brookings.edu,1
24timezones.com,1
www.chronicle.com,2
www.talenthouse.com,1
www.texasmonthly.com,1
galerieneu.net,1
thephilosophicalsalon.com,1
www.ribbonfarm.com,2
www.npr.org,8
www.google.com,1
artasiapacific.com,1
www.crfashionbook.com,4
aeiowu.com,2
www.marketwatch.com,1
archpaper.com,5
www.theverge.com,10
www.are.na,1
www.technologyreview.com,8
www.rt.com,1
newrepublic.com,4
mcrumps.com,1
nypost.com,2
www.wired.com,14
digiday.com,2
www.vulture.com,3
www.architecturalrecord.com,1
www.billboard.com,1
www.coronatracker.com,1
www.artwritingdaily.com,1
michaelstipe.com,1
www.thecut.com,6
www.bbc.com,8
hawzhin.press,1
press.princeton.edu,2
en-roads.climateinteractive.org,1
www.affidavit.art,3
www.nowness.com,1
t.co,48
www.patreon.com,9
tankmagazine.com,13
www.x-traonline.org,1
www.africanstand.com,1
foreignpolicy.com,2
thecorrespondent.com,1
www.pastemagazine.com,1
dealbreaker.com,1
bengrosser.com,1
gist.github.com,1
nymag.com,10
podcasts.google.com,1
www.interviewmagazine.com,10
mailchi.mp,1
www.dezeen.com,9
www.dissentmagazine.org,4
rhizome.org,4
variety.com,3
player.vimeo.com,1
www.textezurkunst.de,13
uk.reuters.com,1
www.newframe.com,1
tripleampersand.org,1
jods.mitpress.mit.edu,3
newmodels.bigcartel.com,19
i-d.vice.com,2
www.politico.eu,1
markets.businessinsider.com,1
www.smithsonianmag.com,1
frieze.com,16
www.bookforum.com,2
play.wilson.fm,1
www.vanityfair.com,4
www.csmonitor.com,1
www.strongtowns.org,1
www.workers.org,1
www.newscientist.com,2
aeon.co,2
garage.vice.com,5
www.independent.co.uk,5
graphics.wsj.com,1
assets.documentcloud.org,1
www.theparisreview.org,7
www.reddit.com,5
www.stereogum.com,2
bigthink.com,1
gizmodo.com,3
aaronzlewis.com,1
story.californiasunday.com,1
blacksocialists.us,2
www.c-span.org,1
www.fastcompany.com,11
www.thedailybeast.com,4
www.mirror.co.uk,2
consequenceofsound.net,4
runyourown.social,1
livestream.com,1
members.tortoisemedia.com,1
believermag.com,1
comicbook.com,1
www.artinamericamagazine.com,5
www.art-agenda.com,2
xn--wgiaa.ws,1
gen.medium.com,1
scroll.in,1
bombmagazine.org,3
www.bldgblog.com,1
www.telegraph.co.uk,1
contemporaryartreview.la,1
www.thisismoney.co.uk,1
www.facebook.com,1
thepointmag.com,3
lithub.com,2
vestoj.com,1
madamasr.com,1
www.faz.net,2
gulfnews.com,1
www.ts.today,1
blog.foam.space,1
www.gndforeurope.com,1
beam.land,1
thecreativeindependent.com,2
www.currentaffairs.org,2
int.nyt.com,1
entitleblog.org,1
theconversation.com,1
a16z.com,1
www.societyofcontrol.com,1
softskull.com,1
onezero.medium.com,2
www.viewpointmag.com,2
datasociety.net,2
organic.software,1
www.sciencedirect.com,1
www.culturedmag.com,1
www.citylab.com,2
www.papermag.com,1
m.dw.com,1
failedarchitecture.com,3
www.teenvogue.com,1
flash---art.com,1
www.redpepper.org.uk,1
techcrunch.com,5
newsroom.fb.com,1
petapixel.com,1
edition.cnn.com,3
www.stitcher.com,2
selvajournal.org,1
www.themoscowtimes.com,1
ninapower.net,2
melmagazine.com,2
www.residentadvisor.net,1
www.yalelawjournal.org,1
www.factmag.com,2
www.weforum.org,1
www.reuters.com,2
technosphere-magazine.hkw.de,3
thequietus.com,2
www.naturalclimate.solutions,1
junkee.com,1
theoutline.com,1
www.rollingstone.com,5
grist.org,1
kotaku.com,1
www.practiceofchange.org,1
conversations.e-flux.com,1
www.si.com,1
www.businessinsider.de,1
scholars-stage.blogspot.com,1
d2u3kfwd92fzu7.cloudfront.net,1
archinect.com,1
ny.curbed.com,1
docslide.us,1
www.cjr.org,1
www.publicbooks.org,1
jembendell.wordpress.com,1
www.recode.net,1
www.scientificamerican.com,1
blogs.nasa.gov,1
www.quantamagazine.org,1
www.theartnewspaper.com,1
slatestarcodex.com,1
www.politico.com,3
megaphone.link,1
themuse.jezebel.com,1
www.diaart.org,1
www.artbasel.com,2
www.bruno-latour.fr,1
fair.org,1
art21.org,1
merryjane.com,1
www.theawl.com,1
www.propublica.org,1
www.techspot.com,1
www.beckershospitalreview.com,1
www.buzzfeednews.com,5
www.thesun.co.uk,2
play.acast.com,1
www.listennotes.com,1
dis.art,5
www.ctm-festival.de,1
www.businessoffashion.com,1
afropunk.com,1
sitn.hms.harvard.edu,1
mitpress.mit.edu,2
www.theringer.com,1
motherboard.vice.com,3
www.eurozine.com,1
harpers.org,3
locusmag.com,1
www.economist.com,3
opaque.link,1
ow.ly,1
communemag.com,3
artists.spotify.com,1
www.niemanlab.org,1
granta.com,1
char.gd,1
brand-new-life.org,1
eyeondesign.aiga.org,1
blog.0day.rocks,1
fontreviewjournal.com,1
www.elle.com,1
walkerart.org,2
shiba.computer,1
www.activism.net,1
www.greyroom.org,2
www.indiebound.org,2
www.bonnefanten.nl,1
www.whatsonweibo.com,1
www.galeriebuchholz.de,1
svetlanagallery.com,2
politybooks.com,1
global.oup.com,1
kunsthalle-bern.ch,2
www.artpapers.org,1
netzkunst.berlin,2
www.thefader.com,1
jerrmagoo.blogspot.com,2
everynoise.com,1
www.schinkelpavillon.de,2
us.macmillan.com,1
www.drudgereport.com,1
www.foxnews.com,1
observer.com,1
www.create.ac.uk,1
www.eff.org,1
berlinbiennale.de,1
www.essexstreet.biz,1
www.liste.ch,1
media.consensys.net,1
www.curbed.com,1
crackmagazine.net,1
www.forfreedoms.org,1
hiphopdx.com,1
derstandard.at,1
www.whitney.org,1
nyti.ms,1
dismagazine.com,1
jerrmagoo.blogspot.de,1
www.attp.tuwien.ac.at,1
www.pscp.tv,1
www.buzzfeed.com,2
www.archdaily.com,1
democrats-intelligence.house.gov,1
purple.fr,1
www.phillips.com,1
www.sothebys.com,1
spikeartmagazine.com,2
projekte.sueddeutsche.de,1
thecomposingrooms.com,2
s3.amazonaws.com,1
ocula.com,1
jezebel.com,1
bossasaservice.life,1
tokeneconomy.co,1
rsbl.royalsocietypublishing.org,1
allhiphop.com,1
www.aqnb.com,1
x-traonline.org,2
openspace.sfmoma.org,1
www.kunstkritikk.no,1
blog.goodaudience.com,1
news.vice.com,2
engineering.columbia.edu,1
www.wired.co.uk,4
www.davidzwirner.com,1
hn.premii.com,1
www.laika.bar,1
wwd.com,2
www.screendaily.com,1
www.wral.com,1
www.ccn.com,1
limn.it,1
theorytuesdays.com,1
www.tandfonline.com,1
cultureandcommunication.org,1
theposthuman.world,1
trust.video,1
apnews.com,1
www.artspace.com,1
www.filmcomment.com,2
art19.com,3
joshuacitarella.com,1
blog.lareviewofbooks.org,1
www.showbiz411.com,1
www.berliner-zeitung.de,1
www.spreaker.com,1
www.artsy.net,1
www.opendemocracy.net,1
www.electronicbeats.net,1
www.ic.unicamp.br,1
ratedrnb.com,1
noranahidkhan.com,1
www.4columns.org,1
www.liberation.fr,1
podcastreview.org,1
heathenharvest.org,1
4columns.org,1
www.cnn.com,1
spex.de,1
gothamist.com,1
overland.org.au,1
www.aprja.net,1
www.inverse.com,1
hyperallergic.com,1
elementus.io,1
www.project-syndicate.org,1
www.scribd.com,1
riskcenter.wharton.upenn.edu,1
www.mikepepi.com,1
www.cbsnews.com,1
nca2018.globalchange.gov,1
articles.latimes.com,1
www.jstor.org,1
open_nsfw.gitlab.io,1
www.flashartonline.com,1
www.wbur.org,1
wikimediafoundation.org,1
www.cnbc.com,1
shop.thecommunity.io,1
civilization.bigcartel.com,1
eatnonfood.com,1
www.maketechnoblackagain.com,1
ica-bookstore.myshopify.com,1
indiebound.addlibra.com,1
novembremagazine.com,1
www.periodico.cc,2
ignota.org,1
space-31.com,1
athensbiennale.org,1
www.coquo.co,1
www.edeka.de,1
www.eroica.io,1
www.jan-kaps.com,1
k-t-z.com,1
kunsthallezurich.ch,1
kunstvereinbraunschweig.de,1
left.gallery,1
www.lilinter.net,1
www.maps.org,1
radio.montezpress.com,1
non.com.co,1
delinear.p-a-n.org,1
www.pathh.co,1
www.peak-art.org,1
relevant.community,1
www.reenaspaulings.com,1
www.stolbun.institute,1
thedowner.de,1
www.traumabarundkino.de,1
trust.support,1
feeds.feedburner.com,1
